"@id","compartment::cytoskeleton","compartment::cytosol","compartment::endoplasmic reticulum","compartment::endosome","compartment::extracellular","compartment::golgi apparatus","compartment::lysosome","compartment::mitochondrion","compartment::nucleus","compartment::peroxisome","compartment::plasma membrane","degree.layout","display name","name","query term","selected","shared name","stringdb::canonical name","stringdb::database identifier","stringdb::description","stringdb::enhancedLabel Passthrough","stringdb::full name","stringdb::imageurl","stringdb::namespace","stringdb::node color","stringdb::node type","stringdb::sequence","stringdb::species","stringdb::STRING style","stringdb::structures","target::development level","target::family","tissue::adrenal gland","tissue::blood","tissue::bone","tissue::bone marrow","tissue::eye","tissue::gall bladder","tissue::heart","tissue::intestine","tissue::kidney","tissue::liver","tissue::lung","tissue::muscle","tissue::nervous system","tissue::pancreas","tissue::saliva","tissue::skin","tissue::spleen","tissue::stomach","tissue::thyroid gland","tissue::urine"
"stringdb:9606.ENSP00000359504","5.0","5.0","2.119339","1.910979","3.849891","5.0","1.975682","1.836795","2.615045","1.222716","3.810736","18","GBP1","9606.ENSP00000359504","9606.ENSP00000359504","false","9606.ENSP00000359504","GBP1_HUMAN","9606.ENSP00000359504","Guanylate-binding protein 1; Hydrolyzes GTP to GMP in 2 consecutive cleavage reactions. Exhibits antiviral activity against influenza virus. Promotes oxidative killing and delivers antimicrobial peptides to autophagolysosomes, providing broad host protection against different pathogen classes.","label: attribute=""display name"" labelsize=12 labelAlignment=left position=northeast outline=true outlineColor=white outlineTransparency=95 outlineWidth=10 background=false color=black dropShadow=false","","https://version-12-0.string-db.org//images/Proteinpictures/pdb/1f/1f5n_A.png","stringdb","rgb(117,157,239)","protein","MASEIHMTGPMCLIENTNGRLMANPEALKILSAITQPMVVVAIVGLYRTGKSYLMNKLAGKKKGFSLGSTVQSHTKGIWMWCVPHPKKPGHILVLLDTEGLGDVEKGDNQNDSWIFALAVLLSSTFVYNSIGTINQQAMDQLYYVTELTHRIRSKSSPDENENEVEDSADFVSFFPDFVWTLRDFSLDLEADGQPLTPDEYLTYSLKLKKGTSQKDETFNLPRLCIRKFFPKKKCFVFDRPVHRRKLAQLEKLQDEELDPEFVQQVADFCSYIFSNSKTKTLSGGIQVNGPRLESLVLTYVNAISSGDLPCMENAVLALAQIENSAAVQKAIAHYEQQMGQKVQLPTETLQELLDLHRDSEREAIEVFIRSSFKDVDHLFQKELAAQLEKKRDDFCKQNQEASSDRCSALLQVIFSPLEEEVKAGIYSKPGGYRLFVQKLQDLKKKYYEEPRKGIQAEEILQTYLKSKESMTDAILQTDQTLTEKEKEIEVERVKAESAQASAKMLQEMQRKNEQMMEQKERSYQEHLKQLTEKMENDRVQLLKEQERTLALKLQEQEQLLKEGFQKESRIMKNEIQDLQTKMRRRKACTIS","Homo sapiens","string:","1f5n_A|2b8w_A|6k2d_A|AF-P32455","Tbio","Other","1.458419","3.320601","1.263545","2.16733","1.5432","1.672098","2.452037","3.073962","2.696749","3.041938","4.030034","2.151051","3.719484","1.534788","1.97939","2.137231","3.084184","1.81393","2.265229","1.528059"
"stringdb:9606.ENSP00000377344","4.443922","4.591726","1.40052","1.69966","1.563944","1.020998","1.246513","1.595556","2.455901","0.766383","3.427073","20","DDX60","9606.ENSP00000377344","9606.ENSP00000377344","false","9606.ENSP00000377344","DDX60_HUMAN","9606.ENSP00000377344","Probable ATP-dependent RNA helicase DDX60; Positively regulates DDX58/RIG-I- and IFIH1/MDA5-dependent type I interferon and interferon inducible gene expression in response to viral infection. Binds ssRNA, dsRNA and dsDNA and can promote the binding of DDX58/RIG-I to dsRNA. Exhibits antiviral activity against hepatitis C virus and vesicular stomatitis virus (VSV).","label: attribute=""display name"" labelsize=12 labelAlignment=left position=northeast outline=true outlineColor=white outlineTransparency=95 outlineWidth=10 background=false color=black dropShadow=false","","https://version-12-0.string-db.org//images/Proteinpictures/af/AF-Q8IY21-F1-model_v4.png","stringdb","rgb(117,117,239)","protein","MERNVLTTFSQEMSQLILNEMPKAEYSSLFNDFVESEFFLIDGDSLLITCICEISFKPGQNLHFFYLVERYLVDLISKGGQFTIVFFKDAEYAYFNFPELLSLRTALILHLQKNTTIDVRTTFSRCLSKEWGSFLEESYPYFLIVADEGLNDLQTQLFNFLIIHSWARKVNVVLSSGQESDVLCLYAYLLPSMYRHQIFSWKNKQNIKDAYTTLLNQLERFKLSALAPLFGSLKWNNITEEAHKTVSLLTQVWPEGSDIRRVFCVTSCSLSLRMYHRFLGNREPSSGQETEIQQVNSNCLTLQEMEDLCKLHCLTVVFLLHLPLSQRACARVITSHWAEDMKPLLQMKKWCEYFILRNIHTFEFWNLNLIHLSDLNDELLLKNIAFYYENENVKGLHLNLGDTIMKDYEYLWNTVSKLVRDFEVGQPFPLRTTKVCFLEKKPSPIKDSSNEMVPNLGFIPTSSFVVDKFAGDILKDLPFLKSDDPIVTSLVKQKEFDELVHWHSHKPLSDDYDRSRCQFDEKSRDPRVLRSVQKYHVFQRFYGNSLETVSSKIIVTQTIKSKKDFSGPKSKKAHETKAEIIARENKKRLFAREEQKEEQKWNALSFSIEEQLKENLHSGIKSLEDFLKSCKSSCVKLQVEMVGLTACLKAWKEHCRSEEGKTTKDLSIAVQVMKRIHSLMEKYSELLQEDDRQLIARCLKYLGFDELASSLHPAQDAENDVKVKKRNKYSVGIGPARFQLQYMGHYLIRDERKDPDPRVQDFIPDTWQRELLDVVDKNESAVIVAPTSSGKTYASYYCMEKVLKESDDGVVVYVAPTKALVNQVAATVQNRFTKNLPSGEVLCGVFTREYRHDALNCQVLITVPACFEILLLAPHRQNWVKKIRYVIFDEVHCLGGEIGAEIWEHLLVMIRCPFLALSATISNPEHLTEWLQSVKWYWKQEDKIIENNTASKRHVGRQAGFPKDYLQVKQSYKVRLVLYGERYNDLEKHVCSIKHGDIHFDHFHPCAALTTDHIERYGFPPDLTLSPRESIQLYDAMFQIWKSWPRAQELCPENFIHFNNKLVIKKMDARKYEESLKAELTSWIKNGNVEQARMVLQNLSPEADLSPENMITMFPLLVEKLRKMEKLPALFFLFKLGAVENAAESVSTFLKKKQETKRPPKADKEAHVMANKLRKVKKSIEKQKIIDEKSQKKTRNVDQSLIHEAEHDNLVKCLEKNLEIPQDCTYADQKAVDTETLQKVFGRVKFERKGEELKALAERGIGYHHSAMSFKEKQLVEILFRKGYLRVVTATGTLALGVNMPCKSVVFAQNSVYLDALNYRQMSGRAGRRGQDLMGDVYFFDIPFPKIGKLIKSNVPELRGHFPLSITLVLRLMLLASKGDDPEDAKAKVLSVLKHSLLSFKQPRVMDMLKLYFLFSLQFLVKEGYLDQEGNPMGFAGLVSHLHYHEPSNLVFVSFLVNGLFHDLCQPTRKGSKHFSQDVMEKLVLVLAHLFGRRYFPPKFQDAHFEFYQSKVFLDDLPEDFSDALDEYNMKIMEDFTTFLRIVSKLADMNQEYQLPLSKIKFTGKECEDSQLVSHLMSCKEGRVAISPFVCLSGNFDDDLLRLETPNHVTLGTIGVNRSQAPVLLSQKFDNRGRKMSLNAYALDFYKHGSLIGLVQDNRMNEGDAYYLLKDFALTIKSISVSLRELCENEDDNVVLAFEQLSTTFWEKLNKV","Homo sapiens","string:","AF-Q8IY21","Tbio","Enzyme","0.69314","2.583009","0.710315","1.507266","0.6","1.090909","2.09806","2.288259","2.320686","2.269214","2.431405","1.886923","4.369936","1.448536","1.553893","2.060979","2.577866","1.460397","1.090909","1.090909"
"stringdb:9606.ENSP00000490935","1.769259","4.33158","5.0","2.080852","2.241926","1.352011","1.831747","2.775543","3.014609","1.28605","2.01574","24","IFIT2","9606.ENSP00000490935","9606.ENSP00000490935","false","9606.ENSP00000490935","IFIT2_HUMAN","9606.ENSP00000490935","Interferon-induced protein with tetratricopeptide repeats 2; IFN-induced antiviral protein which inhibits expression of viral messenger RNAs lacking 2'-O-methylation of the 5' cap. The ribose 2'-O-methylation would provide a molecular signature to distinguish between self and non-self mRNAs by the host during viral infection. Viruses evolved several ways to evade this restriction system such as encoding their own 2'-O-methylase for their mRNAs or by stealing host cap containing the 2'-O-methylation (cap snatching mechanism). Binds AU-rich viral RNAs, with or without 5' triphosphorylati [...] ","label: attribute=""display name"" labelsize=12 labelAlignment=left position=northeast outline=true outlineColor=white outlineTransparency=95 outlineWidth=10 background=false color=black dropShadow=false","","https://version-12-0.string-db.org//images/Proteinpictures/pdb/4g/4g1t_A.png","stringdb","rgb(117,117,239)","protein","MSENNKNSLESSLRQLKCHFTWNLMEGENSLDDFEDKVFYRTEFQNREFKATMCNLLAYLKHLKGQNEAALECLRKAEELIQQEHADQAEIRSLVTWGNYAWVYYHMGRLSDVQIYVDKVKHVCEKFSSPYRIESPELDCEEGWTRLKCGGNQNERAKVCFEKALEKKPKNPEFTSGLAIASYRLDNWPPSQNAIDPLRQAIRLNPDNQYLKVLLALKLHKMREEGEEEGEGEKLVEEALEKAPGVTDVLRSAAKFYRRKDEPDKAIELLKKALEYIPNNAYLHCQIGCCYRAKVFQVMNLRENGMYGKRKLLELIGHAVAHLKKADEANDNLFRVCSILASLHALADQYEDAEYYFQKEFSKELTPVAKQLLHLRYGNFQLYQMKCEDKAIHHFIEGVKINQKSREKEKMKDKLQKIAKMRLSKNGADSEALHVLAFLQELNEKMQQADEDSERGLESGSLIPSASSWNGE","Homo sapiens","string:","4g1t_A|AF-P09913","Tbio","Other","1.182165","3.162529","1.605305","2.670121","1.534006","0.991226","2.304771","2.46921","2.889938","2.474862","2.954299","2.136227","2.677741","1.780004","1.523858","1.995053","3.010919","1.491612","1.16813","0.895791"
"stringdb:9606.ENSP00000342513","1.619824","1.955431","4.361512","1.675712","3.813021","0.9392","1.437963","5.0","2.31637","0.850622","4.36482","20","IFI6","9606.ENSP00000342513","9606.ENSP00000342513","false","9606.ENSP00000342513","IFI6_HUMAN","9606.ENSP00000342513","Interferon alpha-inducible protein 6; Plays a role in apoptosis, negatively regulating the intrinsinc apoptotic signaling pathway and TNFSF10-induced apoptosis. However, it has also been shown to have a pro-apoptotic activity. Has an antiviral activity towards hepatitis C virus/HCV by inhibiting the EGFR signaling pathway, which activation is required for entry of the virus into cells. Belongs to the IFI6/IFI27 family.","label: attribute=""display name"" labelsize=12 labelAlignment=left position=northeast outline=true outlineColor=white outlineTransparency=95 outlineWidth=10 background=false color=black dropShadow=false","","https://version-12-0.string-db.org//images/Proteinpictures/af/AF-P09912-F1-model_v4.png","stringdb","rgb(117,187,239)","protein","MRQKAVSLFLCYLLLFTCSGVEAGENAGKDAGKKKCSESSDSGSGFWKALTFMAVGGGLAVAGLPALGFTGAGIAANSVAASLMSWSAILNGGGVPAGGLVATLQSLGAGGSSVVIGNIGALMGYATHKYLDSEEDEE","Homo sapiens","string:","AF-P09912","Tbio","Other","1.898939","2.730044","1.128275","2.734164","0.877288","1.554691","3.101336","3.112865","2.825354","3.185333","3.030276","2.606648","4.678042","1.945696","2.640263","4.503427","3.054571","2.401684","1.80034","1.09575"
"stringdb:9606.ENSP00000483430","1.640868","1.968965","3.642358","1.582208","2.0133","0.864416","1.385936","5.0","5.0","0.91087","1.758848","18","IFI27","9606.ENSP00000483430","9606.ENSP00000483430","false","9606.ENSP00000483430","IFI27_HUMAN","9606.ENSP00000483430","Interferon alpha-inducible protein 27, mitochondrial; Probable adapter protein involved in different biological processes. Part of the signaling pathways that lead to apoptosis. Involved in type-I interferon-induced apoptosis characterized by a rapid and robust release of cytochrome C from the mitochondria and activation of BAX and caspases 2, 3, 6, 8 and 9. Also functions in TNFSF10-induced apoptosis. May also have a function in the nucleus, where it may be involved in the interferon-induced negative regulation of the transcriptional activity of NR4A1, NR4A2 and NR4A3 through the enha [...] ","label: attribute=""display name"" labelsize=12 labelAlignment=left position=northeast outline=true outlineColor=white outlineTransparency=95 outlineWidth=10 background=false color=black dropShadow=false","","https://version-12-0.string-db.org//images/Proteinpictures/af/AF-P40305-F1-model_v4.png","stringdb","rgb(188,239,117)","protein","MEASALTSSAVTSVAKVVRVASGSAVVLPLARIATVVIGGVVAMAAVPMVLSAMGFTAAGIASSSIAAKMMSAAAIANGGGVASGSLVATLQSLGATGLSGLTKFILGSIGSAIAAVIARFY","Homo sapiens","string:","AF-P40305","Tbio","Other","0.563582","2.52722","1.079499","1.749545","0.870938",,"1.692499","1.648208","1.820992","1.814554","1.978771","1.468799","4.362224","1.074674","1.069645","1.75757","2.086377","4.19151","1.039358","1.052131"
"stringdb:9606.ENSP00000359787","1.438106","4.598873","1.492398","1.552302","2.326072","0.811566","1.230964","2.015663","3.399708","0.654063","1.681015","25","IFI44L","9606.ENSP00000359787","9606.ENSP00000359787","false","9606.ENSP00000359787","IF44L_HUMAN","9606.ENSP00000359787","Interferon-induced protein 44-like; Exhibits a low antiviral activity against hepatitis C virus. Belongs to the IFI44 family.","label: attribute=""display name"" labelsize=12 labelAlignment=left position=northeast outline=true outlineColor=white outlineTransparency=95 outlineWidth=10 background=false color=black dropShadow=false","","https://version-12-0.string-db.org//images/Proteinpictures/af/AF-Q53G44-F1-model_v4.png","stringdb","rgb(117,117,239)","protein","MEVTTRLTWNDENHLRKLLGNVSLSLLYKSSVHGGSIEDMVERCSRQGCTITMAYIDYNMIVAFMLGNYINLHESSTEPNDSLWFSLQKKNDTTEIETLLLNTAPKIIDEQLVCRLSKTDIFIICRDNKIYLDKMITRNLKLRFYGHRQYLECEVFRVEGIKDNLDDIKRIIKAREHRNRLLADIRDYRPYADLVSEIRILLVGPVGSGKSSFFNSVKSIFHGHVTGQAVVGSDITSITERYRIYSVKDGKNGKSLPFMLCDTMGLDGAEGAGLCMDDIPHILKGCMPDRYQFNSRKPITPEHSTFITSPSLKDRIHCVAYVLDINSIDNLYSKMLAKVKQVHKEVLNCGIAYVALLTKVDDCSEVLQDNFLNMSRSMTSQSRVMNVHKMLGIPISNILMVGNYASDLELDPMKDILILSALRQMLRAADDFLEDLPLEETGAIERALQPCI","Homo sapiens","string:","AF-Q53G44","Tbio","Other","0.716003","3.121142","4.212289","2.527614","0.801645","1.450249","2.138982","2.181946","2.145222","1.891433","2.522985","2.152443","4.686043","1.019492","2.778491","1.644872","2.981122","1.629594","1.870052","1.152288"
"stringdb:9606.ENSP00000354394","2.741162","4.835285","2.778283","2.77856","3.547608","2.569384","2.741799","2.983946","5.0","2.271649","3.116296","23","STAT1","9606.ENSP00000354394","9606.ENSP00000354394","false","9606.ENSP00000354394","STAT1_HUMAN","9606.ENSP00000354394","Signal transducer and activator of transcription 1-alpha/beta; Signal transducer and transcription activator that mediates cellular responses to interferons (IFNs), cytokine KITLG/SCF and other cytokines and other growth factors. Following type I IFN (IFN-alpha and IFN-beta) binding to cell surface receptors, signaling via protein kinases leads to activation of Jak kinases (TYK2 and JAK1) and to tyrosine phosphorylation of STAT1 and STAT2. The phosphorylated STATs dimerize and associate with ISGF3G/IRF-9 to form a complex termed ISGF3 transcription factor, that enters the nucleus. ISGF [...] ","label: attribute=""display name"" labelsize=12 labelAlignment=left position=northeast outline=true outlineColor=white outlineTransparency=95 outlineWidth=10 background=false color=black dropShadow=false","","https://version-12-0.string-db.org//images/Proteinpictures/pdb/1y/1yvl_A.png","stringdb","rgb(215,239,117)","protein","MSQWYELQQLDSKFLEQVHQLYDDSFPMEIRQYLAQWLEKQDWEHAANDVSFATIRFHDLLSQLDDQYSRFSLENNFLLQHNIRKSKRNLQDNFQEDPIQMSMIIYSCLKEERKILENAQRFNQAQSGNIQSTVMLDKQKELDSKVRNVKDKVMCIEHEIKSLEDLQDEYDFKCKTLQNREHETNGVAKSDQKQEQLLLKKMYLMLDNKRKEVVHKIIELLNVTELTQNALINDELVEWKRRQQSACIGGPPNACLDQLQNWFTIVAESLQQVRQQLKKLEELEQKYTYEHDPITKNKQVLWDRTFSLFQQLIQSSFVVERQPCMPTHPQRPLVLKTGVQFTVKLRLLVKLQELNYNLKVKVLFDKDVNERNTVKGFRKFNILGTHTKVMNMEESTNGSLAAEFRHLQLKEQKNAGTRTNEGPLIVTEELHSLSFETQLCQPGLVIDLETTSLPVVVISNVSQLPSGWASILWYNMLVAEPRNLSFFLTPPCARWAQLSEVLSWQFSSVTKRGLNVDQLNMLGEKLLGPNASPDGLIPWTRFCKENINDKNFPFWLWIESILELIKKHLLPLWNDGCIMGFISKERERALLKDQQPGTFLLRFSESSREGAITFTWVERSQNGGEPDFHAVEPYTKKELSAVTFPDIIRNYKVMAAENIPENPLKYLYPNIDKDHAFGKYYSRPKEAPEPMELDGPKGTGYIKTELISVSEVHPSRLQTTDNLLPMSPEEFDEVSRIVGSVEFDSMMNTV","Homo sapiens","string:","1bf5_A|1yvl_A|2ka6_B|3wwt_A|AF-P42224","Tchem","Transcription Factor","2.869536","3.989014","2.582909","3.502765","2.817685","2.612153","3.625347","3.78243","3.761145","4.776473","3.806569","3.587672","4.960031","3.330881","3.081651","4.238324","3.94155","3.162322","2.95884","2.541589"
"stringdb:9606.ENSP00000360876","1.949526","4.700542","1.90333","1.996687","2.359147","1.399082","1.914256","5.0","3.288698","1.449649","2.123351","25","IFIT3","9606.ENSP00000360876","9606.ENSP00000360876","false","9606.ENSP00000360876","IFIT3_HUMAN","9606.ENSP00000360876","Interferon-induced protein with tetratricopeptide repeats 3; IFN-induced antiviral protein which acts as an inhibitor of cellular as well as viral processes, cell migration, proliferation, signaling, and viral replication. Enhances MAVS-mediated host antiviral responses by serving as an adapter bridging TBK1 to MAVS which leads to the activation of TBK1 and phosphorylation of IRF3 and phosphorylated IRF3 translocates into nucleus to promote antiviral gene transcription. Exihibits an antiproliferative activity via the up-regulation of cell cycle negative regulators CDKN1A/p21 and CDKN1B [...] ","label: attribute=""display name"" labelsize=12 labelAlignment=left position=northeast outline=true outlineColor=white outlineTransparency=95 outlineWidth=10 background=false color=black dropShadow=false","","https://version-12-0.string-db.org//images/Proteinpictures/sm/1d2/1d2b72dbe88baec47ca42c36.png","stringdb","rgb(196,239,117)","protein","MSEVTKNSLEKILPQLKCHFTWNLFKEDSVSRDLEDRVCNQIEFLNTEFKATMYNLLAYIKHLDGNNEAALECLRQAEELIQQEHADQAEIRSLVTWGNYAWVYYHLGRLSDAQIYVDKVKQTCKKFSNPYSIEYSELDCEEGWTQLKCGRNERAKVCFEKALEEKPNNPEFSSGLAIAMYHLDNHPEKQFSTDVLKQAIELSPDNQYVKVLLGLKLQKMNKEAEGEQFVEEALEKSPCQTDVLRSAAKFYRRKGDLDKAIELFQRVLESTPNNGYLYHQIGCCYKAKVRQMQNTGESEASGNKEMIEALKQYAMDYSNKALEKGLNPLNAYSDLAEFLETECYQTPFNKEVPDAEKQQSHQRYCNLQKYNGKSEDTAVQHGLEGLSISKKSTDKEEIKDQPQNVSENLLPQNAPNYWYLQGLIHKQNGDLLQAAKCYEKELGRLLRDAPSGIGSIFLSASELEDGSEEMGQGAVSSSPRELLSNSEQLN","Homo sapiens","string:","6c6k_C|AF-O14879","Tbio","Other","1.637762","4.377323","1.689483","2.768056","1.69241","1.256878","2.704232","2.626556","2.854452","4.513248","3.093876","2.840607","4.148684","1.838118","2.329326","4.431124","3.183507","1.861805","1.666398","1.178017"
"stringdb:9606.ENSP00000354822","1.493864","4.467772","1.503598","1.248885","2.69539","0.808029","1.332988","5.0","5.0","0.52796","2.118326","23","XAF1","9606.ENSP00000354822","9606.ENSP00000354822","false","9606.ENSP00000354822","XAF1_HUMAN","9606.ENSP00000354822","XIAP-associated factor 1; Seems to function as a negative regulator of members of the IAP (inhibitor of apoptosis protein) family. Inhibits anti-caspase activity of BIRC4. Induces cleavage and inactivation of BIRC4 independent of caspase activation. Mediates TNF-alpha-induced apoptosis and is involved in apoptosis in trophoblast cells. May inhibit BIRC4 indirectly by activating the mitochondrial apoptosis pathway. After translocation to mitochondria, promotes translocation of BAX to mitochondria and cytochrome c release from mitochondria. Seems to promote the redistribution of BIRC4 fr [...] ","label: attribute=""display name"" labelsize=12 labelAlignment=left position=northeast outline=true outlineColor=white outlineTransparency=95 outlineWidth=10 background=false color=black dropShadow=false","","https://version-12-0.string-db.org//images/Proteinpictures/pdb/2l/2lxw_A.png","stringdb","rgb(239,126,117)","protein","MEGDFSVCRNCKRHVVSANFTLHEAYCLRFLVLCPECEEPVPKETMEEHCKLEHQQVGCTMCQQSMQKSSLEFHKANECQERPVECKFCKLDMQLSKLELHESYCGSRTELCQGCGQFIMHRMLAQHRDVCRSEQAQLGKGERISAPEREIYCHYCNQMIPENKYFHHMGKCCPDSEFKKHFPVGNPEILPSSLPSQAAENQTSTMEKDVRPKTRSINRFPLHSESSSKKAPRSKNKTLDPLLMSEPKPRTSSPRGDKAAYDILRRCSQCGILLPLPILNQHQEKCRWLASSKGKQVRNFS","Homo sapiens","string:","2lxw_A|AF-Q6GPH4","Tbio","Other","1.69359","2.550812","1.026281","2.286007","0.993883","1.667764","2.443052","2.777628","2.39133","2.917139","3.033101","2.242954","2.304683","1.351696","2.194424","2.428408","2.962859","2.356581","1.773212","1.49693"
"stringdb:9606.ENSP00000497271","2.237992","4.807224","2.579521","3.205813","2.823278","2.102771","2.502084","5.0","4.647386","2.074357","3.226167","25","IFIH1","9606.ENSP00000497271","9606.ENSP00000497271","false","9606.ENSP00000497271","IFIH1_HUMAN","9606.ENSP00000497271","Interferon-induced helicase C domain-containing protein 1; Innate immune receptor which acts as a cytoplasmic sensor of viral nucleic acids and plays a major role in sensing viral infection and in the activation of a cascade of antiviral responses including the induction of type I interferons and proinflammatory cytokines. Its ligands include mRNA lacking 2'-O-methylation at their 5' cap and long- dsRNA (>1 kb in length). Upon ligand binding it associates with mitochondria antiviral signaling protein (MAVS/IPS1) which activates the IKK-related kinases: TBK1 and IKBKE which phosphorylat [...] ","label: attribute=""display name"" labelsize=12 labelAlignment=left position=northeast outline=true outlineColor=white outlineTransparency=95 outlineWidth=10 background=false color=black dropShadow=false","","https://version-12-0.string-db.org//images/Proteinpictures/pdb/7j/7jl2_A.png","stringdb","rgb(117,239,190)","protein","MSNGYSTDENFRYLISCFRARVKMYIQVEPVLDYLTFLPAEVKEQIQRTVATSGNMQAVELLLSTLEKGVWHLGWTREFVEALRRTGSPLAARYMNPELTDLPSPSFENAHDEYLQLLNLLQPTLVDKLLVRDVLDKCMEEELLTIEDRNRIAAAENNGNESGVRELLKRIVQKENWFSAFLNVLRQTGNNELVQELTGSDCSESNAEIENLSQVDGPQVEEQLLSTTVQPNLEKEVWGMENNSSESSFADSSVVSESDTSLAEGSVSCLDESLGHNSNMGSDSGTMGSDSDEENVAARASPEPELQLRPYQMEVAQPALEGKNIIICLPTGSGKTRVAVYIAKDHLDKKKKASEPGKVIVLVNKVLLVEQLFRKEFQPFLKKWYRVIGLSGDTQLKISFPEVVKSCDIIISTAQILENSLLNLENGEDAGVQLSDFSLIIIDECHHTNKEAVYNNIMRHYLMQKLKNNRLKKENKPVIPLPQILGLTASPGVGGATKQAKAEEHILKLCANLDAFTIKTVKENLDQLKNQIQEPCKKFAIADATREDPFKEKLLEIMTRIQTYCQMSPMSDFGTQPYEQWAIQMEKKAAKEGNRKERVCAEHLRKYNEALQINDTIRMIDAYTHLETFYNEEKDKKFAVIEDDSDEGGDDEYCDGDEDEDDLKKPLKLDETDRFLMTLFFENNKMLKRLAENPEYENEKLTKLRNTIMEQYTRTEESARGIIFTKTRQSAYALSQWITENEKFAEVGVKAHHLIGAGHSSEFKPMTQNEQKEVISKFRTGKINLLIATTVAEEGLDIKECNIVIRYGLVTNEIAMVQARGRARADESTYVLVAHSGSGVIEHETVNDFREKMMYKAIHCVQNMKPEEYAHKILELQMQSIMEKKMKTKRNIAKHYKNNPSLITFLCKNCSVLACSGEDIHVIEKMHHVNMTPEFKELYIVRENKALQKKCADYQINGEIICKCGQAWGTMMVHKGLDLPCLKIRNFVVVFKNNSTKKQYKKWVELPITFPNLDYSECCLFSDED","Homo sapiens","string:","2rqb_A|3b6e_A|7dni_A|7jl2_A|AF-Q9BYX4","Tbio","Enzyme","1.795704","3.388384","1.846432","2.967747","1.655943","1.426003","2.929161","2.966865","3.242207","4.604153","3.416943","3.025093","2.897617","2.43241","2.401551","2.746095","4.711904","2.274255","2.479903","1.647442"
"stringdb:9606.ENSP00000382707","1.919045","2.369168","2.100912","5.0","2.971714","1.721871","5.0","2.28668","2.443105","1.284537","5.0","16","IFITM3","9606.ENSP00000382707","9606.ENSP00000382707","false","9606.ENSP00000382707","IFM3_HUMAN","9606.ENSP00000382707","Interferon-induced transmembrane protein 3; IFN-induced antiviral protein which disrupts intracellular cholesterol homeostasis. Inhibits the entry of viruses to the host cell cytoplasm by preventing viral fusion with cholesterol depleted endosomes. May inactivate new enveloped viruses which buds out of the infected cell, by letting them go out with a cholesterol depleted membrane. Active against multiple viruses, including influenza A virus, SARS coronavirus (SARS-CoV), Marburg virus (MARV) and Ebola virus (EBOV), Dengue virus (DNV), West Nile virus (WNV), human immunodeficiency virus  [...] ","label: attribute=""display name"" labelsize=12 labelAlignment=left position=northeast outline=true outlineColor=white outlineTransparency=95 outlineWidth=10 background=false color=black dropShadow=false","","https://version-12-0.string-db.org//images/Proteinpictures/af/AF-Q01628-F1-model_v4.png","stringdb","rgb(117,117,239)","protein","MNHTVQTFFSPVNSGQPPNYEMLKEEHEVAVLGAPHNPAPPTSTVIHIRSETSVPDHVVWSLFNTLFMNPCCLGFIAFAYSVKSRDRKMVGDVTGAQAYASTAKCLNIWALILGILMTILLIVIPVLIFQAYG","Homo sapiens","string:","AF-Q01628","Tbio","Other","2.609969","4.40729","2.13189","2.965452","3.820984","2.672689","4.660084","3.536955","3.376403","4.188646","4.227146","3.113354","4.890431","3.636261","2.823587","3.655536","3.570626","3.309628","2.551063","2.374626"
"stringdb:9606.ENSP00000371471","1.78515","3.162785","5.0","2.227139","2.314162","4.113206","1.962029","5.0","4.518288","1.751409","2.209074","25","RSAD2","9606.ENSP00000371471","9606.ENSP00000371471","false","9606.ENSP00000371471","RSAD2_HUMAN","9606.ENSP00000371471","Radical S-adenosyl methionine domain-containing protein 2; Interferon-inducible iron-sulfur (4FE-4S) cluster-binding antiviral protein which plays a major role in the cell antiviral state induced by type I and type II interferon. Can inhibit a wide range of DNA and RNA viruses, including human cytomegalovirus (HCMV), hepatitis C virus (HCV), west Nile virus (WNV), dengue virus, sindbis virus, influenza A virus, sendai virus, vesicular stomatitis virus (VSV), and human immunodeficiency virus (HIV-1). Displays antiviral activity against influenza A virus by inhibiting the budding of the  [...] ","label: attribute=""display name"" labelsize=12 labelAlignment=left position=northeast outline=true outlineColor=white outlineTransparency=95 outlineWidth=10 background=false color=black dropShadow=false","","https://version-12-0.string-db.org//images/Proteinpictures/pdb/5v/5vsm_A.png","stringdb","rgb(117,226,239)","protein","MWVLTPAAFAGKLLSVFRQPLSSLWRSLVPLFCWLRATFWLLATKRRKQQLVLRGPDETKEEEEDPPLPTTPTSVNYHFTRQCNYKCGFCFHTAKTSFVLPLEEAKRGLLLLKEAGMEKINFSGGEPFLQDRGEYLGKLVRFCKVELRLPSVSIVSNGSLIRERWFQNYGEYLDILAISCDSFDEEVNVLIGRGQGKKNHVENLQKLRRWCRDYRVAFKINSVINRFNVEEDMTEQIKALNPVRWKVFQCLLIEGENCGEDALREAERFVIGDEEFERFLERHKEVSCLVPESNQKMKDSYLILDEYMRFLNCRKGRKDPSKSILDVGVEEAIKFSGFDEKMFLKRGGKYIWSKADLKLDW","Homo sapiens","string:","5vsm_A|AF-Q8WXG1","Tbio","Other","1.169304","3.221625","1.564379","2.427785","1.25762","0.758407","2.281833","2.625553","2.680888","2.778379","3.502427","2.468768","2.455918","2.076288","2.146333","2.212742","2.978547","2.068669","1.533349","1.233435"
"stringdb:9606.ENSP00000353512","1.508632","4.557244","1.457623","1.36417","1.695141","1.157548","1.311841","4.35828","5.0","1.266777","1.537475","21","PARP9","9606.ENSP00000353512","9606.ENSP00000353512","false","9606.ENSP00000353512","PARP9_HUMAN","9606.ENSP00000353512","Protein mono-ADP-ribosyltransferase PARP9; ADP-ribosyltransferase which, in association with E3 ligase DTX3L, plays a role in DNA damage repair and in immune responses including interferon-mediated antiviral defenses. Within the complex, enhances DTX3L E3 ligase activity which is further enhanced by PARP9 binding to poly(ADP-ribose). In association with DTX3L and in presence of E1 and E2 enzymes, mediates NAD(+)-dependent mono-ADP-ribosylation of ubiquitin which prevents ubiquitin conjugation to substrates such as histones. During DNA repair, PARP1 recruits PARP9/BAL1-DTX3L complex to  [...] ","label: attribute=""display name"" labelsize=12 labelAlignment=left position=northeast outline=true outlineColor=white outlineTransparency=95 outlineWidth=10 background=false color=black dropShadow=false","","https://version-12-0.string-db.org//images/Proteinpictures/pdb/5a/5ail_A.png","stringdb","rgb(230,239,117)","protein","MDFSMVAGAAAYNEKSGRITSLSLLFQKVFAQIFPQWRKGNTEECLPYKCSETGALGENYSWQIPINHNDFKILKNNERQLCEVLQNKFGCISTLVSPVQEGNSKSLQVFRKMLTPRIELSVWKDDLTTHAVDAVVNAANEDLLHGGGLALALVKAGGFEIQEESKQFVARYGKVSAGEIAVTGAGRLPCKQIIHAVGPRWMEWDKQGCTGKLQRAIVSILNYVIYKNTHIKTVAIPALSSGIFQFPLNLCTKTIVETIRVSLQGKPMMSNLKEIHLVSNEDPTVAAFKAASEFILGKSELGQETTPSFNAMVVNNLTLQIVQGHIEWQTADVIVNSVNPHDITVGPVAKSILQQAGVEMKSEFLATKAKQFQRSQLVLVTKGFNLFCKYIYHVLWHSEFPKPQILKHAMKECLEKCIEQNITSISFPALGTGNMEIKKETAAEILFDEVLTFAKDHVKHQLTVKFVIFPTDLEIYKAFSSEMAKRSKMLSLNNYSVPQSTREEKRENGLEARSPAINLMGFNVEEMYEAHAWIQRILSLQNHHIIENNHILYLGRKEHDILSQLQKTSSVSITEIISPGRTELEIEGARADLIEVVMNIEDMLCKVQEEMARKKERGLWRSLGQWTIQQQKTQDEMKENIIFLKCPVPPTQELLDQKKQFEKCGLQVLKVEKIDNEVLMAAFQRKKKMMEEKLHRQPVSHRLFQQVPYQFCNVVCRVGFQRMYSTPCDPKYGAGIYFTKNLKNLAEKAKKISAADKLIYVFEAEVLTGFFCQGHPLNIVPPPLSPGAIDGHDSVVDNVSSPETFVIFSGMQAIPQYLWTCTQEYVQSQDYSSGPMRPFAQHPWRGFASGSPVD","Homo sapiens","string:","5ail_A|AF-Q8IXQ6","Tbio","Enzyme","1.502728","4.515067","1.149681","2.066698","1.53244","1.330414","2.018902","2.687901","2.184603","2.487374","2.566033","2.007672","4.477684","1.854311","2.228309","1.851799","2.624065","1.640697","1.542256","1.330414"
"stringdb:9606.ENSP00000380697","2.060855","4.718511","2.467344","4.617994","2.911532","1.973242","2.581511","2.788425","5.0","1.88774","2.663137","22","IRF7","9606.ENSP00000380697","9606.ENSP00000380697","false","9606.ENSP00000380697","IRF7_HUMAN","9606.ENSP00000380697","Interferon regulatory factor 7; Key transcriptional regulator of type I interferon (IFN)- dependent immune responses and plays a critical role in the innate immune response against DNA and RNA viruses. Regulates the transcription of type I IFN genes (IFN-alpha and IFN-beta) and IFN- stimulated genes (ISG) by binding to an interferon-stimulated response element (ISRE) in their promoters. Can efficiently activate both the IFN-beta (IFNB) and the IFN-alpha (IFNA) genes and mediate their induction via both the virus-activated, MyD88-independent pathway and the TLR-activated, MyD88-dependen [...] ","label: attribute=""display name"" labelsize=12 labelAlignment=left position=northeast outline=true outlineColor=white outlineTransparency=95 outlineWidth=10 background=false color=black dropShadow=false","","https://version-12-0.string-db.org//images/Proteinpictures/af/AF-Q92985-F1-model_v4.png","stringdb","rgb(222,239,117)","protein","MPVPERPAAGPDSPRPGTRRAAPRVLFGEWLLGEISSGCYEGLQWLDEARTCFRVPWKHFARKDLSEADARIFKAWAVARGRWPPSSRGGGPPPEAETAERAGWKTNFRCALRSTRRFVMLRDNSGDPADPHKVYALSRELCWREGPGTDQTEAEAPAAVPPPQGGPPGPFLAHTHAGLQAPGPLPAPAGDKGDLLLQAVQQSCLADHLLTASWGADPVPTKAPGEGQEGLPLTGACAGGPGLPAGELYGWAVETTPSPGPQPAALTTGEAAAPESPHQAEPYLSPSPSACTAVQEPSPGALDVTIMYKGRTVLQKVVGHPSCTFLYGPPDPAVRATDPQQVAFPSPAELPDQKQLRYTEELLRHVAPGLHLELRGPQLWARRMGKCKVYWEVGGPPGSASPSTPACLLPRNCDTPIFDFRVFFQELVEFRARQRRGSPRYTIYLGFGQDLSAGRPKEKSLVLVKLEPWLCRVHLEGTQREGVSSLDSSSLSLCLSSANSLYDDIECFLMELEQPA","Homo sapiens","string:","AF-Q92985","Tbio","Transcription Factor","3.565327","4.071874","2.047317","3.147697","3.303708","4.083745","4.5731","4.512415","4.158387","3.607769","4.192345","2.420869","4.029589","3.86149","2.555116","2.764605","4.783879","2.305078","1.764834","3.898702"
"stringdb:9606.ENSP00000342278","1.745829","4.541531","1.905217","2.145098","2.261062","1.44189","1.729289","2.853601","4.311959","1.066996","2.064052","24","OAS2","9606.ENSP00000342278","9606.ENSP00000342278","false","9606.ENSP00000342278","OAS2_HUMAN","9606.ENSP00000342278","2'-5'-oligoadenylate synthase 2; Interferon-induced, dsRNA-activated antiviral enzyme which plays a critical role in cellular innate antiviral response. Activated by detection of double stranded RNA (dsRNA): polymerizes higher oligomers of 2'-5'- oligoadenylates (2-5A) from ATP which then bind to the inactive monomeric form of ribonuclease L (RNASEL) leading to its dimerization and subsequent activation. Activation of RNASEL leads to degradation of cellular as well as viral RNA, resulting in the inhibition of protein synthesis, thus terminating viral replication. Can mediate the antivi [...] ","label: attribute=""display name"" labelsize=12 labelAlignment=left position=northeast outline=true outlineColor=white outlineTransparency=95 outlineWidth=10 background=false color=black dropShadow=false","","https://version-12-0.string-db.org//images/Proteinpictures/sm/bb5/bb56f021d537452b0a4a6c36.png","stringdb","rgb(117,139,239)","protein","MGNGESQLSSVPAQKLGWFIQEYLKPYEECQTLIDEMVNTICDVLQEPEQFPLVQGVAIGGSYGRKTVLRGNSDGTLVLFFSDLKQFQDQKRSQRDILDKTGDKLKFCLFTKWLKNNFEIQKSLDGFTIQVFTKNQRISFEVLAAFNALSLNDNPSPWIYRELKRSLDKTNASPGEFAVCFTELQQKFFDNRPGKLKDLILLIKHWHQQCQKKIKDLPSLSPYALELLTVYAWEQGCRKDNFDIAEGVRTVLELIKCQEKLCIYWMVNYNFEDETIRNILLHQLQSARPVILDPVDPTNNVSGDKICWQWLKKEAQTWLTSPNLDNELPAPSWNVLPAPLFTTPGHLLDKFIKEFLQPNKCFLEQIDSAVNIIRTFLKENCFRQSTAKIQIVRGGSTAKGTALKTGSDADLVVFHNSLKSYTSQKNERHKIVKEIHEQLKAFWREKEEELEVSFEPPKWKAPRVLSFSLKSKVLNESVSFDVLPAFNALGQLSSGSTPSPEVYAGLIDLYKSSDLPGGEFSTCFTVLQRNFIRSRPTKLKDLIRLVKHWYKECERKLKPKGSLPPKYALELLTIYAWEQGSGVPDFDTAEGFRTVLELVTQYQQLCIFWKVNYNFEDETVRKFLLSQLQKTRPVILDPAEPTGDVGGGDRWCWHLLAKEAKEWLSSPCFKDGTGNPIPPWKVPTMQTPGSCGARIHPIVNEMFSSRSHRILNNNSKRNF","Homo sapiens","string:","AF-P29728","Tbio","Enzyme","1.103544","4.60685","1.352805","2.465791","1.602846","1.191265","2.515474","2.907725","2.760162","4.557398","3.021983","2.379768","2.659015","1.700364","2.483804","2.261741","3.134853","1.983741","1.504249","1.352825"
"stringdb:9606.ENSP00000496832","2.2173","4.80088","2.381385","2.559466","5.0","1.912347","2.405433","2.559484","4.710608","1.646058","2.480889","24","ISG15","9606.ENSP00000496832","9606.ENSP00000496832","false","9606.ENSP00000496832","ISG15_HUMAN","9606.ENSP00000496832","Ubiquitin-like protein ISG15; Ubiquitin-like protein which plays a key role in the innate immune response to viral infection either via its conjugation to a target protein (ISGylation) or via its action as a free or unconjugated protein. ISGylation involves a cascade of enzymatic reactions involving E1, E2, and E3 enzymes which catalyze the conjugation of ISG15 to a lysine residue in the target protein. Its target proteins include IFIT1, MX1/MxA, PPM1B, UBE2L6, UBA7, CHMP5, CHMP2A, CHMP4B and CHMP6. Can also isgylate: EIF2AK2/PKR which results in its activation, DDX58/RIG-I which inhib [...] ","label: attribute=""display name"" labelsize=12 labelAlignment=left position=northeast outline=true outlineColor=white outlineTransparency=95 outlineWidth=10 background=false color=black dropShadow=false","","https://version-12-0.string-db.org//images/Proteinpictures/pdb/7s/7s6p_A.png","stringdb","rgb(117,117,239)","protein","MGWDLTVKMLAGNEFQVSLSSSMSVSELKAQITQKIGVHAFQQRLAVHPSGVALQDRVPLASQGLGPGSTVLLVVDKCDEPLSILVRNNKGRSSTYEVRLTQTVAHLKQQVSGLEGVQDDLFWLTFEGKPLEDQLPLGEYGLKPLSTVFMNLRLRGGGTEPGGRS","Homo sapiens","string:","5tl6_C|7s6p_A|AF-P05161","Tbio","Other","1.812313","3.65393","1.878497","3.121055","1.928138","1.646181","2.868944","4.60281","3.203851","4.603849","3.37506","2.711405","2.993225","2.373211","2.879261","2.474191","3.481082","2.363056","2.180297","1.465987"
"stringdb:9606.ENSP00000228928","1.773479","4.780718","1.830827","2.100568","4.421952","1.273025","1.575559","1.955009","5.0","0.718541","4.601874","23","OAS3","9606.ENSP00000228928","9606.ENSP00000228928","false","9606.ENSP00000228928","OAS3_HUMAN","9606.ENSP00000228928","2'-5'-oligoadenylate synthase 3; Interferon-induced, dsRNA-activated antiviral enzyme which plays a critical role in cellular innate antiviral response. In addition, it may also play a role in other cellular processes such as apoptosis, cell growth, differentiation and gene regulation. Synthesizes preferentially dimers of 2'-5'-oligoadenylates (2-5A) from ATP which then bind to the inactive monomeric form of ribonuclease L (RNase L) leading to its dimerization and subsequent activation. Activation of RNase L leads to degradation of cellular as well as viral RNA, resulting in the inhibi [...] ","label: attribute=""display name"" labelsize=12 labelAlignment=left position=northeast outline=true outlineColor=white outlineTransparency=95 outlineWidth=10 background=false color=black dropShadow=false","","https://version-12-0.string-db.org//images/Proteinpictures/pdb/4s/4s3n_A.png","stringdb","rgb(239,235,117)","protein","MDLYSTPAAALDRFVARRLQPRKEFVEKARRALGALAAALRERGGRLGAAAPRVLKTVKGGSSGRGTALKGGCDSELVIFLDCFKSYVDQRARRAEILSEMRASLESWWQNPVPGLRLTFPEQSVPGALQFRLTSVDLEDWMDVSLVPAFNVLGQAGSGVKPKPQVYSTLLNSGCQGGEHAACFTELRRNFVNIRPAKLKNLILLVKHWYHQVCLQGLWKETLPPVYALELLTIFAWEQGCKKDAFSLAEGLRTVLGLIQQHQHLCVFWTVNYGFEDPAVGQFLQRQLKRPRPVILDPADPTWDLGNGAAWHWDLLAQEAASCYDHPCFLRGMGDPVQSWKGPGLPRAGCSGLGHPIQLDPNQKTPENSKSLNAVYPRAGSKPPSCPAPGPTGAASIVPSVPGMALDLSQIPTKELDRFIQDHLKPSPQFQEQVKKAIDIILRCLHENCVHKASRVSKGGSFGRGTDLRDGCDVELIIFLNCFTDYKDQGPRRAEILDEMRAQLESWWQDQVPSLSLQFPEQNVPEALQFQLVSTALKSWTDVSLLPAFDAVGQLSSGTKPNPQVYSRLLTSGCQEGEHKACFAELRRNFMNIRPVKLKNLILLVKHWYRQVAAQNKGKGPAPASLPPAYALELLTIFAWEQGCRQDCFNMAQGFRTVLGLVQQHQQLCVYWTVNYSTEDPAMRMHLLGQLRKPRPLVLDPADPTWNVGHGSWELLAQEAAALGMQACFLSRDGTSVQPWDVMPALLYQTPAGDLDKFISEFLQPNRQFLAQVNKAVDTICSFLKENCFRNSPIKVIKVVKGGSSAKGTALRGRSDADLVVFLSCFSQFTEQGNKRAEIISEIRAQLEACQQERQFEVKFEVSKWENPRVLSFSLTSQTMLDQSVDFDVLPAFDALGQLVSGSRPSSQVYVDLIHSYSNAGEYSTCFTELQRDFIISRPTKLKSLIRLVKHWYQQCTKISKGRGSLPPQHGLELLTVYAWEQGGKDSQFNMAEGFRTVLELVTQYRQLCIYWTINYNAKDKTVGDFLKQQLQKPRPIILDPADPTGNLGHNARWDLLAKEAAACTSALCCMGRNGIPIQPWPVKAAV","Homo sapiens","string:","4s3n_A|AF-Q9Y6K5","Tbio","Enzyme","0.566667","4.584768","1.23655","2.381034","1.376495","0.991226","2.268135","2.324596","2.77815","2.328764","2.967619","2.127762","4.600565","1.837744","2.01363","3.394504","2.910263","1.631507","1.571341","1.033424"
"stringdb:9606.ENSP00000395590","1.437846","4.531582","1.418915","1.341812","5.0","0.848612","1.394331","2.020442","5.0","0.892802","1.562762","23","IFI35","9606.ENSP00000395590","9606.ENSP00000395590","false","9606.ENSP00000395590","IN35_HUMAN","9606.ENSP00000395590","Interferon-induced 35 kDa protein; Not yet known; Belongs to the NMI family.","label: attribute=""display name"" labelsize=12 labelAlignment=left position=northeast outline=true outlineColor=white outlineTransparency=95 outlineWidth=10 background=false color=black dropShadow=false","","https://version-12-0.string-db.org//images/Proteinpictures/af/AF-P80217-F1-model_v4.png","stringdb","rgb(239,216,117)","protein","MSAPLDAALHALQEEQARLKMRLWDLQQLRKELGDSPKDKVPFSVPKIPLVFRGHTQQDPEVPKSLVSNLRIHCPLLAGSALITFDDPKVAEQVLQQKEHTINMEECRLRVQVQPLELPMVTTIQVMMSSQLSGRRVLVTGFPASLRLSEEELLDKLEIFFGKTRNGGGDVDVRELLPGSVMLGFARDGVAQRLCQIGQFTVPLGGQQVPLRVSPYVNGEIQKAEIRSQPVPRSVLVLNIPDILDGPELHDVLEIHFQKPTRGGGEVEALTVVPQGQQGLAVFTSESG","Homo sapiens","string:","AF-P80217","Tbio","Other","1.921139","4.567552","0.863913","2.195426","1.731926","1.286307","2.006694","2.387742","2.359478","2.071221","2.570165","1.819197","2.365164","1.50429","1.825562","4.495339","2.776213","1.216606","1.611075","1.278754"
"stringdb:9606.ENSP00000388001","2.3783","4.764399","3.831231","2.354434","3.954267","1.521793","1.912302","4.437551","4.647295","1.234347","2.182319","23","OAS1","9606.ENSP00000388001","9606.ENSP00000388001","false","9606.ENSP00000388001","OAS1_HUMAN","9606.ENSP00000388001","2'-5'-oligoadenylate synthase 1; Interferon-induced, dsRNA-activated antiviral enzyme which plays a critical role in cellular innate antiviral response. In addition, it may also play a role in other cellular processes such as apoptosis, cell growth, differentiation and gene regulation. Synthesizes higher oligomers of 2'-5'-oligoadenylates (2-5A) from ATP which then bind to the inactive monomeric form of ribonuclease L (RNase L) leading to its dimerization and subsequent activation. Activation of RNase L leads to degradation of cellular as well as viral RNA, resulting in the inhibition  [...] ","label: attribute=""display name"" labelsize=12 labelAlignment=left position=northeast outline=true outlineColor=white outlineTransparency=95 outlineWidth=10 background=false color=black dropShadow=false","","https://version-12-0.string-db.org//images/Proteinpictures/pdb/4i/4ig8_A.png","stringdb","rgb(117,117,239)","protein","MMDLRNTPAKSLDKFIEDYLLPDTCFRMQINHAIDIICGFLKERCFRGSSYPVCVSKVVKGGSSGKGTTLRGRSDADLVVFLSPLTTFQDQLNRRGEFIQEIRRQLEACQRERAFSVKFEVQAPRWGNPRALSFVLSSLQLGEGVEFDVLPAFDALGQLTGGYKPNPQIYVKLIEECTDLQKEGEFSTCFTELQRDFLKQRPTKLKSLIRLVKHWYQNCKKKLGKLPPQYALELLTVYAWERGSMKTHFNTAQGFRTVLELVINYQQLCIYWTKYYDFKNPIIEKYLRRQLTKPRPVILDPADPTGNLGGGDPKGWRQLAQEAEAWLNYPCFKNWDGSPVSSWILLTQHTPGSIHPTGRRGLDLHHPLNASASWGKGLQCYLDQFLHFQVGLLIQRGQSSSVSWCIIQDRTQVS","Homo sapiens","string:","4ig8_A|AF-P00973","Tbio","Enzyme","1.712626","4.647006","1.442595","2.351246","1.269856","1.271067","2.388403","4.749327","2.882602","4.614988","3.352918","2.235708","4.699662","1.808029","2.627318","2.455964","3.257714","2.407059","1.644516","1.55145"
"stringdb:9606.ENSP00000359783","1.634559","4.414419","1.474182","1.612944","2.025256","0.91394","1.384227","2.686361","3.109736","0.800496","1.76884","25","IFI44","9606.ENSP00000359783","9606.ENSP00000359783","false","9606.ENSP00000359783","IFI44_HUMAN","9606.ENSP00000359783","Interferon-induced protein 44; This protein aggregates to form microtubular structures. Belongs to the IFI44 family.","label: attribute=""display name"" labelsize=12 labelAlignment=left position=northeast outline=true outlineColor=white outlineTransparency=95 outlineWidth=10 background=false color=black dropShadow=false","","https://version-12-0.string-db.org//images/Proteinpictures/af/AF-Q8TCB0-F1-model_v4.png","stringdb","rgb(117,117,239)","protein","MAVTTRLTWLHEKILQNHFGGKRLSLLYKGSVHGFRNGVLLDRCCNQGPTLTVIYSEDHIIGAYAEESYQEGKYASIILFALQDTKISEWKLGLCTPETLFCCDVTKYNSPTNFQIDGRNRKVIMDLKTMENLGLAQNCTISIQDYEVFRCEDSLDERKIKGVIELRKSLLSALRTYEPYGSLVQQIRILLLGPIGAGKSSFFNSVRSVFQGHVTHQALVGTNTTGISEKYRTYSIRDGKDGKYLPFILCDSLGLSEKEGGLCRDDIFYILNGNIRDRYQFNPMESIKLNHHDYIDSPSLKDRIHCVAFVFDASSIQYFSSQMIVKIKRIRRELVNAGVVHVALLTHVDSMDLITKGDLIEIERCEPVRSKLEEVQRKLGFALSDISVVSNYSSEWELDPVKDVLILSALRRMLWAADDFLEDLPFEQIGNLREEIINCAQGKK","Homo sapiens","string:","AF-Q8TCB0","Tbio","Other","1.770895","2.889315","1.173242","2.786333","0.891512","1.565848","2.449979","2.578549","2.476008","2.343314","4.577572","2.230633","4.66339","1.482474","2.641071","2.098735","3.123475","1.945232","1.76428","1.331765"
